OBJECT_NAME,OBJECT_ID,EPOCH,MEAN_MOTION,ECCENTRICITY,INCLINATION,RA_OF_ASC_NODE,ARG_OF_PERICENTER,MEAN_ANOMALY,EPHEMERIS_TYPE,CLASSIFICATION_TYPE,NORAD_CAT_ID,ELEMENT_SET_NO,REV_AT_EPOCH,BSTAR,MEAN_MOTION_DOT,MEAN_MOTION_DDOT
SOYUZ-MS 27,2025-072A,2025-05-07T12:15:46.608768,15.49392895,.0002315,51.6346,148.5519,86.8352,273.2901,0,U,63520,999,248,.14445E-3,.7625E-4,0
TJS-17,2025-073A,2025-05-07T21:54:28.761696,1.00270882,.0000812,0.0418,37.4341,54.6631,255.2633,0,U,63524,999,22,0,-.176E-5,0
CZ-3B R/B,2025-073B,2025-05-07T03:56:07.870272,2.26789685,.7334005,19.1803,77.8726,198.8528,103.9598,0,U,63525,999,59,.71761E-3,.90582E-3,-.45757E-6
STARLINK-11669 [DTC],2025-075A,2025-05-08T05:50:58.734240,15.77860534,.0001541,42.9966,197.2933,259.4543,100.6154,0,U,63548,999,517,.59705E-5,.541E-5,0
STARLINK-11665 [DTC],2025-075B,2025-05-07T16:03:35.082720,15.77855600,.0001571,42.9978,200.7252,273.1801,86.8889,0,U,63549,999,509,.25912E-4,.4012E-4,0
STARLINK-11667 [DTC],2025-075C,2025-05-08T05:36:55.862496,15.77857797,.0001689,42.9980,197.2175,277.2601,82.8077,0,U,63550,999,517,.84318E-5,.969E-5,0
STARLINK-11695 [DTC],2025-075D,2025-05-08T05:29:54.256416,15.77859092,.0001573,42.9979,197.1771,271.5901,88.4789,0,U,63551,999,518,.22432E-4,.3407E-4,0
STARLINK-11685 [DTC],2025-075E,2025-05-08T05:22:10.716096,15.77871843,.0001838,42.9991,197.1325,270.5856,89.4804,0,U,63552,999,518,-.37249E-4,-.6981E-4,0
STARLINK-11697 [DTC],2025-075F,2025-05-08T05:15:09.691488,15.77862479,.0003376,42.9979,197.0933,294.6438,65.4080,0,U,63553,999,518,.23623E-4,.3614E-4,0
STARLINK-11680 [DTC],2025-075G,2025-05-07T12:25:28.208640,15.77862830,.0001268,42.9993,201.2963,281.4889,78.5839,0,U,63554,999,507,.39779E-4,.6431E-4,0
STARLINK-11687 [DTC],2025-075H,2025-05-08T05:01:06.470688,15.77857398,.0001801,42.9984,197.0133,255.4254,104.6417,0,U,63555,999,517,.85151E-5,.983E-5,0
STARLINK-11626 [DTC],2025-075J,2025-05-08T06:00:02.000160,15.77856346,.0001666,42.9997,196.6985,261.6003,358.9442,0,U,63556,999,518,.1338E-4,.183E-4,0
STARLINK-11668 [DTC],2025-075K,2025-05-08T06:00:02.000160,15.77849417,.0001747,42.9998,196.6291,261.8899,26.4079,0,U,63557,999,518,.7914E-4,.1329E-3,0
STARLINK-11657 [DTC],2025-075L,2025-05-08T06:00:02.000160,15.77870099,.0001814,42.9999,196.5580,263.6057,52.4347,0,U,63558,999,518,-.12631E-3,-.22436E-3,0
STARLINK-11606 [DTC],2025-075M,2025-05-08T06:00:02.000160,15.77872376,.000153,43.0002,196.4902,260.6753,83.1133,0,U,63559,999,518,-.15251E-3,-.26973E-3,0
STARLINK-11592 [DTC],2025-075N,2025-05-07T22:00:01.999584,15.77854332,.0002035,43.0004,198.4487,283.1607,352.6339,0,U,63560,999,516,.28296E-5,-.7E-7,0
STARLINK-32953,2025-075P,2025-05-07T22:00:01.999584,15.45295661,.0001569,43.0000,201.2062,267.9946,334.9830,0,U,63561,999,517,-.35393E-1,-.1555423E-1,0
STARLINK-32951,2025-075Q,2025-05-07T22:00:01.999584,15.50598976,.0001437,43.0001,200.0809,264.1107,72.8602,0,U,63562,999,518,-.8143E-3,-.47855E-3,0
STARLINK-32958,2025-075R,2025-05-08T06:00:02.000160,15.40690372,.0001703,42.9996,199.3489,266.0735,2.1907,0,U,63563,999,517,.70527E-4,.2643E-4,0
STARLINK-32928,2025-075S,2025-05-07T22:00:01.999584,15.49479472,.0001335,43.0001,201.1601,267.1731,354.6331,0,U,63564,999,517,-.30548E-1,-.155472E-1,0
STARLINK-32687,2025-075T,2025-05-07T22:00:01.999584,15.50600158,.0001539,43.0001,200.0767,265.1001,73.7879,0,U,63565,999,518,-.85145E-3,-.50012E-3,0
STARLINK-32950,2025-075U,2025-05-07T22:00:01.999584,15.59731284,.0001477,42.9999,199.0176,280.3037,124.6538,0,U,63566,999,517,-.19856E-1,-.1461101E-1,0
STARLINK-32954,2025-075V,2025-05-07T22:00:01.999584,15.50620013,.0001053,43.0000,200.0675,268.5784,74.1210,0,U,63567,999,517,-.10903E-2,-.63876E-3,0
STARLINK-32940,2025-075W,2025-05-07T22:00:01.999584,15.50603184,.0001401,43.0001,200.0719,256.4619,84.3380,0,U,63568,999,517,-.83778E-3,-.49224E-3,0
STARLINK-32959,2025-076A,2025-05-07T22:00:01.999584,15.44747117,.0001636,42.9993,255.6182,285.3045,141.1245,0,U,63569,999,481,-.34542E-1,-.1495791E-1,0
STARLINK-32956,2025-076B,2025-05-08T06:00:02.000160,15.44614533,.0001432,42.9994,253.6647,268.0099,222.4535,0,U,63570,999,496,-.34697E-1,-.1495601E-1,0
STARLINK-33722,2025-076C,2025-05-08T06:00:02.000160,15.59479866,.000132,42.9996,251.6387,257.5641,327.3227,0,U,63571,999,503,-.19908E-1,-.14518E-1,0
STARLINK-33739,2025-076D,2025-05-08T06:00:02.000160,15.59480331,.0001361,42.9995,251.6346,255.1383,331.6658,0,U,63572,999,498,-.19909E-1,-.1451907E-1,0
STARLINK-33683,2025-076E,2025-05-08T06:00:02.000160,15.59479505,.0001393,42.9995,251.6239,261.0553,329.5829,0,U,63573,999,492,-.199E-1,-.1451292E-1,0
STARLINK-33724,2025-076F,2025-05-07T13:20:46.272768,15.73812075,.0002628,42.9980,255.5612,288.6352,71.4231,0,U,63574,999,495,.1003E-2,.14822E-2,0
STARLINK-33732,2025-076G,2025-05-08T06:00:02.000160,15.59479266,.0001368,42.9997,251.6294,260.3281,328.3940,0,U,63575,999,482,-.19897E-1,-.1451073E-1,0
STARLINK-33800,2025-076H,2025-05-08T06:00:02.000160,15.59479042,.0001358,42.9997,251.6191,260.3815,332.1749,0,U,63576,999,503,-.19893E-1,-.1450795E-1,0
STARLINK-33632,2025-076J,2025-05-08T06:00:02.000160,15.59479454,.0001519,42.9998,251.6046,262.7291,335.5781,0,U,63577,999,501,-.19897E-1,-.1451152E-1,0
STARLINK-33719,2025-076K,2025-05-08T06:00:02.000160,15.59478757,.0001315,42.9996,251.6148,257.0016,337.4711,0,U,63578,999,498,-.19887E-1,-.145037E-1,0
STARLINK-33755,2025-076L,2025-04-30T22:13:26.757696,15.97846496,.0004065,43.0024,294.9912,325.0239,152.6343,0,U,63579,999,388,.1E-3,.44626E-3,.9304E-5
STARLINK-33752,2025-076M,2025-05-08T06:00:02.000160,15.59478448,.0001387,42.9997,251.5993,256.4473,343.7768,0,U,63580,999,493,-.1988E-1,-.1449929E-1,0
STARLINK-33714,2025-076N,2025-05-08T06:00:02.000160,15.59479636,.0001428,42.9996,251.5942,254.9227,347.2183,0,U,63581,999,493,-.19895E-1,-.1450988E-1,0
STARLINK-33814,2025-076P,2025-05-07T22:00:01.999584,15.60556867,.0001161,42.9995,253.5681,270.9772,258.7880,0,U,63582,999,485,-.19247E-1,-.1462006E-1,0
STARLINK-33817,2025-076Q,2025-05-08T06:00:02.000160,15.59479440,.0001297,42.9997,251.5848,255.0069,350.9676,0,U,63583,999,482,-.19882E-1,-.1450069E-1,0
STARLINK-33820,2025-076R,2025-05-08T06:00:02.000160,15.59479059,.0001474,42.9995,251.5707,255.4021,356.3245,0,U,63584,999,503,-.19883E-1,-.1450196E-1,0
STARLINK-33813,2025-076S,2025-05-08T06:00:02.000160,15.59479188,.0001331,42.9996,251.5813,254.7246,353.1672,0,U,63585,999,486,-.19878E-1,-.144981E-1,0
STARLINK-33834,2025-076T,2025-05-08T06:00:02.000160,15.59478766,.0001425,42.9996,251.5646,254.4346,359.2089,0,U,63586,999,503,-.19873E-1,-.1449505E-1,0
STARLINK-33830,2025-076U,2025-05-08T06:00:02.000160,15.59478703,.0001443,42.9997,251.5546,260.0905,357.3874,0,U,63587,999,501,-.19872E-1,-.1449445E-1,0
STARLINK-33651,2025-076V,2025-05-08T06:00:02.000160,15.59478500,.000135,42.9996,251.5611,254.1960,1.3645,0,U,63588,999,503,-.19863E-1,-.1448804E-1,0
STARLINK-33788,2025-076W,2025-05-07T22:00:01.999584,15.60557187,.000117,42.9996,253.5542,270.6707,264.8456,0,U,63589,999,485,-.19254E-1,-.1462503E-1,0
STARLINK-33805,2025-076X,2025-05-08T06:00:02.000160,15.59478749,.0001468,42.9996,251.5507,253.6396,5.7551,0,U,63590,999,498,-.19871E-1,-.1449393E-1,0
STARLINK-33702,2025-076Y,2025-05-08T06:00:02.000160,15.59478527,.0001374,42.9996,251.5462,253.7518,7.5598,0,U,63591,999,501,-.19861E-1,-.1448685E-1,0
STARLINK-33666,2025-076Z,2025-05-08T06:00:02.000160,15.59478382,.0001556,42.9996,251.5418,257.3713,5.8580,0,U,63592,999,501,-.19869E-1,-.1449285E-1,0
STARLINK-33723,2025-076AA,2025-05-08T06:00:02.000160,15.59477011,.0001469,42.9996,251.5370,259.3697,5.7769,0,U,63593,999,482,-.19852E-1,-.1448064E-1,0
STARLINK-33791,2025-076AB,2025-05-08T06:00:02.000160,15.59477073,.0001418,42.9996,251.5305,260.7464,6.3179,0,U,63594,999,482,-.1985E-1,-.1447913E-1,0
STARLINK-33831,2025-076AC,2025-05-06T01:48:04.374432,15.78221227,.0003116,42.9964,263.3218,15.5955,344.5011,0,U,63595,999,473,-.35728E-3,-.63259E-3,0
SHIYAN-27 A,2025-078A,2025-05-08T05:46:56.222400,13.57198970,.0000895,99.6917,136.5509,89.2067,270.9174,0,U,63599,999,260,.16467E-3,.73E-6,0
SHIYAN-27 B,2025-078B,2025-05-07T21:49:17.115168,13.57199522,.0000967,99.6929,136.1437,88.6945,271.4304,0,U,63600,999,255,.1452E-3,.59E-6,0
SHIYAN-27 C,2025-078C,2025-05-07T22:24:39.389472,13.57198389,.000095,99.6925,136.2815,89.6555,270.4692,0,U,63601,999,256,.1236E-3,.44E-6,0
SHIYAN-27 D,2025-078D,2025-05-08T05:11:34.330848,13.57198742,.0000933,99.6945,136.4224,91.1186,269.0059,0,U,63602,999,259,.13129E-3,.49E-6,0
SHIYAN-27 E,2025-078E,2025-05-07T23:17:39.880608,13.57199312,.0000952,99.6911,136.2276,93.1105,267.0142,0,U,63603,999,256,.12551E-3,.45E-6,0
SHIYAN-27 F,2025-078F,2025-05-08T06:04:35.647104,13.57198270,.0000987,99.6919,136.5354,89.0377,271.0875,0,U,63604,999,260,.15402E-3,.66E-6,0
CZ-6A R/B,2025-078G,2025-05-08T00:15:53.675424,13.94745081,.0107096,99.7013,137.4092,58.3280,302.8270,0,U,63605,999,263,.10752E-3,.103E-5,0
DRAGON CRS-32,2025-080A,2025-05-07T12:15:46.608768,15.49392895,.0002315,51.6346,148.5519,86.8352,273.2901,0,U,63628,999,50854,.14445E-3,.7625E-4,0
TJS-17 AKM,2025-073C,2025-05-07T06:02:18.339360,0.98859866,.0010653,0.0435,35.1733,123.7510,201.1167,0,U,63629,999,22,0,.32E-6,0
425SAT-3,2025-081A,2025-05-07T23:05:00.566304,14.97156650,.0006424,45.3992,276.8623,248.3036,111.7157,0,U,63630,999,238,.42464E-3,.4757E-4,0
TOMORROW-S9,2025-081B,2025-05-07T21:19:56.373024,14.97687701,.0003262,45.3930,277.1561,253.8932,106.1587,0,U,63631,999,237,.19477E-3,.209E-4,0
SHENZHOU-20 (SZ-20),2025-082A,2025-05-04T19:03:19.992096,15.61213922,.0005732,41.4647,284.5220,207.6991,152.3543,0,U,63632,999,22937,.20128E-3,.17249E-3,0
STARLINK-33879,2025-083A,2025-05-07T12:37:51.651264,15.84508896,.000256,42.9963,301.1991,260.1102,99.9481,0,U,63634,999,316,.60045E-3,.144117E-2,0
STARLINK-33854,2025-083B,2025-05-07T12:37:51.119904,15.83590336,.0003921,42.9960,301.1984,244.6071,115.4396,0,U,63635,999,316,.4562E-3,.104202E-2,0
STARLINK-33864,2025-083C,2025-05-07T18:40:43.620096,15.82695641,.0002919,42.9962,299.6452,146.5693,213.5363,0,U,63636,999,323,.50432E-3,.110519E-2,0
STARLINK-33832,2025-083D,2025-05-07T12:36:45.258912,15.83618185,.0004141,42.9965,301.1925,247.5667,112.4766,0,U,63637,999,316,.60101E-3,.138182E-2,0
STARLINK-33856,2025-083E,2025-05-07T18:39:35.790912,15.82698059,.0003407,42.9963,299.6391,141.9338,218.1775,0,U,63638,999,320,.45138E-3,.98746E-3,0
STARLINK-33876,2025-083F,2025-05-06T23:00:02.363616,15.86794145,.0002188,43.0001,304.6895,287.0021,73.0613,0,U,63639,999,307,-.13996E-3,-.37489E-3,0
STARLINK-33859,2025-083G,2025-05-07T18:38:21.431616,15.82674233,.0004869,42.9964,299.6327,262.2130,97.8189,0,U,63640,999,320,.49092E-3,.107473E-2,0
STARLINK-33826,2025-083H,2025-05-06T22:58:55.498656,15.86858053,.0002172,42.9997,304.6815,275.2276,84.8350,0,U,63641,999,307,-.14353E-3,-.38546E-3,0
STARLINK-33836,2025-083J,2025-05-06T22:58:14.948544,15.86782038,.0002155,43.0007,304.6783,247.9683,112.0962,0,U,63642,999,307,-.22479E-3,-.59677E-3,0
STARLINK-33558,2025-083K,2025-05-06T22:57:37.254816,15.86855729,.0002271,43.0004,304.6755,285.9430,74.1193,0,U,63643,999,307,-.18891E-3,-.50478E-3,0
STARLINK-33852,2025-083L,2025-05-07T18:36:03.211488,15.83366757,.0006204,42.9966,299.6195,231.8125,128.2189,0,U,63644,999,323,.58315E-3,.132472E-2,0
STARLINK-33835,2025-083M,2025-05-06T22:56:28.019904,15.86862362,.0002286,42.9999,304.6678,269.0694,90.9917,0,U,63645,999,310,-.2818E-3,-.74835E-3,0
STARLINK-33661,2025-083N,2025-05-06T22:55:50.025504,15.86922005,.0002389,43.0000,304.6649,268.7776,91.2824,0,U,63646,999,310,-.23445E-3,-.62628E-3,0
STARLINK-33729,2025-083P,2025-05-06T22:55:12.696384,15.87065909,.0002065,43.0003,304.6619,269.2537,90.8099,0,U,63647,999,307,-.13265E-3,-.36041E-3,0
STARLINK-33717,2025-083Q,2025-05-07T18:33:32.017536,15.82616086,.0003536,42.9962,299.6040,139.4495,220.6641,0,U,63648,999,320,.48728E-3,.106327E-2,0
STARLINK-33684,2025-083R,2025-05-06T22:54:05.699232,15.86959602,.0002149,43.0003,304.6551,263.8093,96.2536,0,U,63649,999,307,-.26747E-3,-.71424E-3,0
STARLINK-33704,2025-083S,2025-05-06T22:52:46.952544,15.86964885,.0001805,43.0002,304.6478,279.1971,80.8698,0,U,63650,999,307,-.21907E-3,-.58698E-3,0
STARLINK-33705,2025-083T,2025-05-06T22:52:09.493824,15.86969402,.0001838,43.0000,304.6446,269.0573,91.0090,0,U,63651,999,310,-.23846E-3,-.6382E-3,0
STARLINK-33663,2025-083U,2025-05-06T22:51:37.273536,15.87002392,.0001963,43.0001,304.6414,271.9944,88.0705,0,U,63652,999,307,-.24151E-3,-.64729E-3,0
STARLINK-33866,2025-083V,2025-05-06T22:50:34.186848,15.87134245,.00023,43.0001,304.6346,263.1933,96.8678,0,U,63653,999,310,-.24365E-3,-.6572E-3,0
STARLINK-33849,2025-083W,2025-05-07T12:25:15.417984,15.82373614,.0000464,42.9967,301.1267,344.8906,15.1952,0,U,63654,999,316,.62272E-3,.134893E-2,0
STARLINK-33873,2025-083X,2025-05-06T22:51:08.396928,15.87024747,.0002106,43.0002,304.6387,272.5835,87.4798,0,U,63655,999,310,-.24734E-3,-.66341E-3,0
STARLINK-33772,2025-083Y,2025-05-07T12:25:15.380832,15.83591555,.0005281,42.9967,301.1265,241.3636,118.6705,0,U,63656,999,319,.63036E-3,.144936E-2,0
STARLINK-33789,2025-083Z,2025-05-07T18:27:32.269536,15.82503899,.0003576,42.9965,299.5694,139.5555,220.5583,0,U,63657,999,323,.46656E-3,.101186E-2,0
STARLINK-33822,2025-083AA,2025-05-07T12:24:00.205056,15.82173541,.0000889,42.9966,301.1190,37.2248,322.8686,0,U,63658,999,319,.62145E-3,.133333E-2,0
STARLINK-33771,2025-083AB,2025-05-07T11:55:26.562144,15.67110752,.0006335,42.9978,301.8606,227.3044,132.7289,0,U,63659,999,318,.53156E-3,.58507E-3,0
STARLINK-33810,2025-083AC,2025-05-07T18:26:52.229184,15.82516744,.000288,42.9965,299.5663,228.2383,131.8243,0,U,63660,999,323,.57546E-3,.125339E-2,0
STARLINK-33823,2025-083AD,2025-05-06T22:53:27.056832,15.86959458,.0001968,42.9998,304.6508,273.8444,86.2204,0,U,63661,999,310,-.21338E-3,-.57185E-3,0
TIANLIAN 2-05,2025-084A,2025-04-27T21:37:19.144992,2.28021945,.7305058,27.1335,91.6460,179.5024,182.3964,0,U,63662,999,1,.12198E-2,.1731E-3,.21908E-6
CZ-3B R/B,2025-084B,2025-05-07T23:22:01.981056,2.37912775,.7235611,27.1538,88.0612,185.2054,157.9149,0,U,63663,999,24,.14793E-2,.43021E-3,-.43005E-6
STARLINK-11651 [DTC],2025-085A,2025-05-07T22:00:01.999584,15.81583289,.0001889,43.0069,325.0884,272.5275,28.5678,0,U,63664,999,212,-.56403E-2,-.1033469E-1,0
STARLINK-11672 [DTC],2025-085B,2025-05-07T22:00:01.999584,15.83950672,.0001727,43.0069,325.0654,264.7393,45.5284,0,U,63665,999,271,-.48836E-2,-.1005081E-1,0
STARLINK-11664 [DTC],2025-085C,2025-05-07T22:00:01.999584,15.84736881,.0002261,43.0068,325.0585,271.1167,41.9025,0,U,63666,999,212,.13839E-3,.32724E-3,0
STARLINK-11666 [DTC],2025-085D,2025-05-08T06:00:02.000160,15.84782206,.0002247,43.0068,322.9970,266.3939,153.5539,0,U,63667,999,206,-.25673E-3,-.61777E-3,0
STARLINK-11663 [DTC],2025-085E,2025-05-07T22:00:01.999584,15.84742859,.000164,43.0069,325.0446,259.7078,58.7108,0,U,63668,999,212,.74572E-4,.17348E-3,0
STARLINK-11595 [DTC],2025-085F,2025-05-08T06:00:02.000160,15.84779949,.000191,43.0069,322.9855,266.5860,158.0234,0,U,63669,999,281,-.24084E-3,-.58002E-3,0
STARLINK-11599 [DTC],2025-085G,2025-05-07T22:00:01.999584,15.84767608,.0001537,43.0069,325.0332,228.4788,94.6740,0,U,63670,999,212,-.8666E-4,-.21301E-3,0
STARLINK-11603 [DTC],2025-085H,2025-05-07T22:00:01.999584,15.84788094,.0001299,43.0069,325.0257,259.0406,66.9967,0,U,63671,999,212,-.19119E-3,-.46234E-3,0
STARLINK-11644 [DTC],2025-085J,2025-05-08T06:00:02.000160,15.84779800,.0001433,43.0069,322.9666,266.1005,166.0294,0,U,63672,999,217,-.2425E-3,-.5839E-3,0
STARLINK-11634 [DTC],2025-085K,2025-05-08T06:00:02.000160,15.84783471,.0001736,43.0061,322.9582,266.9993,167.8296,0,U,63673,999,216,-.26793E-3,-.64425E-3,0
STARLINK-11656 [DTC],2025-085L,2025-05-08T06:00:02.000160,15.84791590,.0001847,43.0070,322.9523,238.9841,198.8905,0,U,63674,999,216,-.29769E-3,-.71492E-3,0
STARLINK-11655 [DTC],2025-085M,2025-05-08T06:00:02.000160,15.84780602,.0001685,43.0061,322.9428,265.1646,175.9188,0,U,63675,999,217,-.22214E-3,-.53568E-3,0
STARLINK-11661 [DTC],2025-085N,2025-05-07T22:00:01.999584,15.84740816,.0001729,43.0070,324.9902,240.7262,99.4858,0,U,63676,999,276,.24617E-3,.58829E-3,0
STARLINK-33816,2025-085P,2025-05-07T22:00:01.999584,15.82401848,.0001635,43.0070,324.9956,263.3572,74.2299,0,U,63677,999,213,-.56748E-2,-.1094249E-1,0
STARLINK-33861,2025-085Q,2025-05-07T22:00:01.999584,15.82429923,.0001851,43.0067,324.9913,273.8884,65.3919,0,U,63678,999,202,-.566E-2,-.1093094E-1,0
STARLINK-33850,2025-085R,2025-05-07T22:00:01.999584,15.82446047,.0001792,43.0068,324.9862,273.8080,67.6018,0,U,63679,999,202,-.57282E-2,-.1105669E-1,0
STARLINK-33887,2025-085S,2025-05-07T22:00:01.999584,15.82460045,.0001683,43.0069,324.9805,264.3241,79.3395,0,U,63680,999,208,-.58227E-2,-.1122654E-1,0
STARLINK-33886,2025-085T,2025-05-07T22:00:01.999584,15.82472784,.0001708,43.0069,324.9751,260.6706,85.1455,0,U,63681,999,202,-.587E-2,-.1131457E-1,0
STARLINK-33840,2025-085U,2025-05-07T22:00:01.999584,15.82496469,.000171,43.0067,324.9639,273.0708,76.9224,0,U,63682,999,202,-.59229E-2,-.114174E-1,0
STARLINK-33851,2025-085V,2025-05-07T22:00:01.999584,15.82495650,.000157,43.0067,324.9699,263.0213,84.7135,0,U,63683,999,202,-.58983E-2,-.113738E-1,0
STARLINK-33853,2025-085W,2025-05-08T06:00:02.000160,15.81703285,.0001599,43.0067,322.9128,263.9293,189.0757,0,U,63684,999,207,-.65843E-2,-.1213399E-1,0
STARLINK-33847,2025-085X,2025-05-08T06:00:02.000160,15.81704848,.0001686,43.0068,322.9017,270.8376,186.6427,0,U,63685,999,207,-.67282E-2,-.1237009E-1,0
STARLINK-33880,2025-085Y,2025-05-08T06:00:02.000160,15.81703297,.0001588,43.0067,322.9068,263.3451,191.9293,0,U,63686,999,218,-.66598E-2,-.1225727E-1,0
HULIANWANG DIGUI A,2025-086A,2025-05-07T21:55:34.310784,13.40523408,.0011513,86.5010,89.7336,280.5159,79.4686,0,U,63687,999,121,.18479E-3,.116E-5,0
HULIANWANG DIGUI B,2025-086B,2025-05-08T04:57:56.871936,13.41298283,.0008348,86.5039,89.6288,269.1201,90.8986,0,U,63688,999,123,.22774E-3,.142E-5,0
HULIANWANG DIGUI C,2025-086C,2025-05-07T21:48:47.116224,13.41242225,.0009444,86.5005,89.7307,266.0066,93.9998,0,U,63689,999,119,.1905E-3,.121E-5,0
HULIANWANG DIGUI D,2025-086D,2025-05-07T21:49:22.088352,13.41181602,.0008943,86.5045,89.7350,269.3822,90.6297,0,U,63690,999,119,.19621E-3,.124E-5,0
HULIANWANG DIGUI E,2025-086E,2025-05-07T21:49:57.622944,13.41119746,.0010175,86.5052,89.7358,270.3099,89.6879,0,U,63691,999,119,.18365E-3,.117E-5,0
HULIANWANG DIGUI F,2025-086F,2025-05-07T21:51:18.245376,13.40980405,.0008931,86.4990,89.7297,276.3079,83.7047,0,U,63692,999,119,.18766E-3,.119E-5,0
HULIANWANG DIGUI G,2025-086G,2025-05-07T21:51:41.179392,13.40941634,.0009799,86.5039,89.7335,279.4658,80.5378,0,U,63693,999,119,.20768E-3,.13E-5,0
HULIANWANG DIGUI H,2025-086H,2025-05-07T21:52:20.377344,13.40876033,.0010889,86.5000,89.7311,275.1014,84.8886,0,U,63694,999,119,.2113E-3,.132E-5,0
HULIANWANG DIGUI J,2025-086J,2025-05-07T21:53:08.201472,13.40791249,.0010037,86.4963,89.7273,277.3794,82.6208,0,U,63695,999,119,.20724E-3,.129E-5,0
HULIANWANG DIGUI K,2025-086K,2025-05-07T21:53:45.533184,13.40710259,.0011153,86.4992,89.7323,273.8356,86.1512,0,U,63696,999,119,.20175E-3,.126E-5,0
STARLINK-33894,2025-087A,2025-05-07T22:00:01.999584,15.91557816,.0000759,53.1559,211.2635,56.0495,344.1138,0,U,63697,999,144,-.31458E-2,-.1045187E-1,.33011E-3
STARLINK-33922,2025-087B,2025-05-07T22:00:01.999584,15.91598057,.0000891,53.1557,211.2596,54.4884,347.4362,0,U,63698,999,130,-.31435E-2,-.1046594E-1,.33105E-3
STARLINK-33919,2025-087C,2025-05-07T22:00:01.999584,15.91657446,.0000772,53.1558,211.2554,55.1109,348.7979,0,U,63699,999,144,-.3151E-2,-.105225E-1,.33449E-3
STARLINK-33908,2025-087D,2025-05-07T22:00:01.999584,15.91727124,.0000898,53.1557,211.2503,57.0149,349.3495,0,U,63700,999,130,-.31586E-2,-.1058544E-1,.33835E-3
STARLINK-33950,2025-087E,2025-05-07T22:00:01.999584,15.91768083,.0000803,53.1556,211.2475,55.1399,352.4885,0,U,63701,999,139,-.31573E-2,-.1060329E-1,.33952E-3
STARLINK-33939,2025-087F,2025-05-07T22:00:01.999584,15.91832276,.000086,53.1557,211.2430,55.4663,354.3720,0,U,63702,999,130,-.31624E-2,-.1065531E-1,.34276E-3
STARLINK-33868,2025-087G,2025-05-07T22:00:01.999584,15.91890969,.0000867,53.1557,211.2390,55.7731,356.0403,0,U,63703,999,146,-.31661E-2,-.1069983E-1,.34556E-3
STARLINK-33937,2025-087H,2025-05-07T22:00:01.999584,15.92022051,.0000733,53.1558,211.2296,53.6104,2.6050,0,U,63704,999,130,-.31755E-2,-.1080366E-1,.35212E-3
STARLINK-33848,2025-087J,2025-05-07T22:00:01.999584,15.91960775,.0000837,53.1556,211.2339,56.4456,357.7547,0,U,63705,999,146,-.31745E-2,-.1076643E-1,.34971E-3
STARLINK-33995,2025-087K,2025-05-07T22:00:01.999584,15.92076988,.0000796,53.1555,211.2260,50.8678,7.1781,0,U,63706,999,147,-.31747E-2,-.1083158E-1,.35396E-3
STARLINK-33982,2025-087L,2025-05-07T22:00:01.999584,15.92124203,.000076,53.1557,211.2226,50.8868,8.6666,0,U,63707,999,147,-.31739E-2,-.1085518E-1,.35552E-3
STARLINK-33915,2025-087M,2025-05-07T22:00:01.999584,15.92193008,.0000714,53.1556,211.2180,55.7565,6.0619,0,U,63708,999,130,-.31876E-2,-.109402E-1,.36083E-3
STARLINK-33862,2025-087N,2025-05-07T22:00:01.999584,15.92260092,.0000701,53.1560,211.2134,55.4523,8.5394,0,U,63709,999,144,-.32032E-2,-.1103123E-1,.36654E-3
STARLINK-33920,2025-087P,2025-05-07T22:00:01.999584,15.92307286,.000078,53.1555,211.2103,49.5479,15.9113,0,U,63710,999,130,-.32075E-2,-.1107285E-1,.36922E-3
STARLINK-33580,2025-087Q,2025-05-07T22:00:01.999584,15.92383570,.0000822,53.1555,211.2052,51.3519,16.5682,0,U,63711,999,130,-.32389E-2,-.1122423E-1,.37871E-3
STARLINK-33783,2025-087R,2025-05-07T22:00:01.999584,15.92458316,.0000808,53.1554,211.2000,52.2214,18.0535,0,U,63712,999,147,-.32801E-2,-.1140941E-1,.39042E-3
STARLINK-33773,2025-087S,2025-05-07T22:00:01.999584,15.92534400,.0000754,53.1552,211.1955,52.7420,19.9534,0,U,63713,999,146,-.33252E-2,-.1161009E-1,.40328E-3
STARLINK-33745,2025-087T,2025-05-07T22:00:01.999584,15.92586972,.0000692,53.1550,211.1915,54.8396,19.5076,0,U,63714,999,146,-.33414E-2,-.1169773E-1,.40904E-3
STARLINK-33728,2025-087U,2025-05-07T22:00:01.999584,15.93112479,.0000799,53.1548,211.1544,52.2690,39.8911,0,U,63715,999,146,-.34162E-2,-.1228698E-1,.44958E-3
STARLINK-33749,2025-087V,2025-05-07T22:00:01.999584,15.92641801,.0000769,53.1553,211.1879,55.5388,20.5230,0,U,63716,999,146,-.33595E-2,-.1179386E-1,.41539E-3
STARLINK-33725,2025-087W,2025-05-07T22:00:01.999584,15.93052161,.0000786,53.1550,211.1587,53.1700,36.9742,0,U,63717,999,146,-.34103E-2,-.122276E-1,.44537E-3
STARLINK-33641,2025-087X,2025-05-07T22:00:01.999584,15.92756468,.0000745,53.1550,211.1801,54.3092,25.4788,0,U,63718,999,130,-.33912E-2,-.1197476E-1,.42753E-3
STARLINK-33727,2025-087Y,2025-05-07T22:00:01.999584,15.92879213,.0000802,53.1551,211.1716,52.6010,31.3769,0,U,63719,999,147,-.34121E-2,-.1212467E-1,.43783E-3
STARLINK-33757,2025-087Z,2025-05-07T22:00:01.999584,15.93012362,.0000814,53.1549,211.1621,52.7221,35.9385,0,U,63720,999,130,-.34255E-2,-.1225615E-1,.44709E-3
STARLINK-33774,2025-087AA,2025-05-07T22:00:01.999584,15.92950075,.0000705,53.1554,211.1665,57.6736,28.8081,0,U,63721,999,146,-.34233E-2,-.1220872E-1,.44368E-3
STARLINK-33767,2025-087AB,2025-05-07T22:00:01.999584,15.92690611,.0000835,53.1556,211.1851,51.6914,25.9004,0,U,63722,999,147,-.33679E-2,-.1185298E-1,.41939E-3
STARLINK-33806,2025-087AC,2025-05-07T22:00:01.999584,15.92821075,.0000803,53.1554,211.1760,52.4843,29.5123,0,U,63723,999,147,-.34059E-2,-.1206646E-1,.43377E-3
KUIPER-00008,2025-088A,2025-05-08T04:00:00.999936,15.34318742,.0010393,51.8608,53.5581,146.7590,357.2869,0,U,63724,999,204,.10153E-2,.34077E-3,0
KUIPER-00009,2025-088B,2025-05-08T04:00:00.999936,15.34579255,.000981,51.8645,53.5423,143.5564,8.3564,0,U,63725,999,204,.10253E-2,.34702E-3,0
KUIPER-00010,2025-088C,2025-05-08T04:00:00.999936,15.34488394,.0009813,51.8660,53.5473,144.6269,4.8830,0,U,63726,999,165,.10226E-2,.34508E-3,0
KUIPER-00011,2025-088D,2025-05-08T04:00:00.999936,15.33875741,.0011843,51.8592,53.5862,151.0819,338.8076,0,U,63727,999,180,.99298E-3,.32862E-3,0
KUIPER-00012,2025-088E,2025-05-07T22:00:01.999584,15.33987078,.0011402,51.8578,54.7816,152.0019,39.4384,0,U,63728,999,171,-.48382E-3,-.16532E-3,0
KUIPER-00013,2025-088F,2025-05-07T22:00:01.999584,15.34255830,.0010755,51.8619,54.7650,146.1592,53.8877,0,U,63729,999,181,-.46799E-3,-.16135E-3,0
KUIPER-00014,2025-088G,2025-05-08T04:00:00.999936,15.33774333,.0011889,51.8608,53.5933,154.6260,332.0007,0,U,63730,999,165,.98659E-3,.32541E-3,0
KUIPER-00015,2025-088H,2025-05-07T22:00:01.999584,15.34150431,.0011403,51.8633,54.7743,150.9245,44.6844,0,U,63731,999,208,-.47448E-3,-.16304E-3,0
KUIPER-00016,2025-088J,2025-05-08T04:00:00.999936,15.34667649,.0009121,51.8636,53.5354,142.4411,13.0330,0,U,63732,999,165,.10298E-2,.34949E-3,0
KUIPER-00018,2025-088K,2025-05-08T04:00:00.999936,15.35284781,.0006664,51.8692,53.4916,129.4623,46.8121,0,U,63733,999,165,.1047E-2,.36236E-3,0
KUIPER-00019,2025-088L,2025-05-07T22:00:01.999584,15.35670595,.0004789,51.8699,54.6720,125.8111,119.1848,0,U,63734,999,130,-.42501E-3,-.15329E-3,0
KUIPER-00020,2025-088M,2025-05-08T04:00:00.999936,15.35193156,.0006741,51.8702,53.4970,135.4805,37.8574,0,U,63735,999,187,.1045E-2,.36059E-3,0
KUIPER-00021,2025-088N,2025-05-07T22:00:01.999584,15.35026179,.000761,51.8657,54.7151,138.8276,85.8646,0,U,63736,999,166,-.43727E-3,-.15455E-3,0
KUIPER-00023,2025-088P,2025-05-08T04:00:00.999936,15.34926877,.000854,51.8669,53.5181,135.5113,28.2958,0,U,63737,999,200,.10385E-2,.35539E-3,0
KUIPER-00024,2025-088Q,2025-05-08T04:00:00.999936,15.36576690,.000173,51.8737,53.3959,94.4729,124.6957,0,U,63738,999,213,.10311E-2,.37185E-3,0
KUIPER-00025,2025-088R,2025-05-08T04:00:00.999936,15.35384363,.0006028,51.8682,53.4859,132.1536,47.2915,0,U,63739,999,199,.10477E-2,.36373E-3,0
KUIPER-00027,2025-088S,2025-05-07T22:00:01.999584,15.36189321,.0003342,51.8732,54.6300,127.9955,134.2677,0,U,63740,999,168,-.42503E-3,-.15579E-3,0
KUIPER-00028,2025-088T,2025-05-07T22:00:01.999584,15.36383626,.0002595,51.8725,54.6209,125.0068,143.3010,0,U,63741,999,209,-.4276E-3,-.15765E-3,0
KUIPER-00029,2025-088U,2025-05-08T04:00:00.999936,15.35518503,.0005583,51.8716,53.4736,129.5627,54.4023,0,U,63742,999,165,.1049E-2,.36575E-3,0
KUIPER-00030,2025-088V,2025-05-08T04:00:00.999936,15.34823986,.000863,51.8680,53.5245,140.2342,20.3118,0,U,63743,999,194,.1035E-2,.35301E-3,0
KUIPER-00031,2025-088W,2025-05-07T22:00:01.999584,15.35949162,.0004504,51.8719,54.6491,123.3079,131.4667,0,U,63744,999,158,-.42361E-3,-.15414E-3,0
KUIPER-00032,2025-088X,2025-05-08T04:00:00.999936,15.35629478,.0005638,51.8708,53.4651,121.6420,67.0160,0,U,63745,999,266,.10505E-2,.3676E-3,0
KUIPER-00033,2025-088Y,2025-05-07T22:00:01.999584,15.36677829,.0001278,51.8733,54.5987,119.0957,158.8067,0,U,63746,999,210,-.43354E-3,-.16125E-3,0
KUIPER-00034,2025-088Z,2025-05-07T22:00:01.999584,15.36498657,.0002069,51.8736,54.6066,121.3883,150.7038,0,U,63747,999,178,-.42944E-3,-.15888E-3,0
KUIPER-00035,2025-088AA,2025-05-07T22:00:01.999584,15.36052705,.0003884,51.8713,54.6438,128.9822,129.0857,0,U,63748,999,183,-.42406E-3,-.15479E-3,0
KUIPER-00037,2025-088AB,2025-05-08T04:00:00.999936,15.36244607,.0003059,51.8730,53.4206,112.1900,96.1026,0,U,63749,999,266,.10421E-2,.37186E-3,0
KUIPER-00038,2025-088AC,2025-05-07T22:00:01.999584,15.35872814,.000468,51.8724,54.6530,131.9859,120.2593,0,U,63750,999,130,-.42373E-3,-.15382E-3,0
STARLINK-11677 [DTC],2025-089A,2025-05-07T22:00:01.999584,15.84647014,.0001485,43.0052,338.4549,262.6517,355.9135,0,U,63751,999,202,-.47473E-2,-.1009829E-1,0
STARLINK-11702 [DTC],2025-089B,2025-05-07T22:00:01.999584,15.84750398,.0002318,43.0052,338.4511,258.0844,1.9220,0,U,63752,999,202,.19435E-4,.4103E-4,0
STARLINK-11706 [DTC],2025-089C,2025-05-08T06:00:02.000160,15.84791976,.0002408,43.0057,336.3909,243.9510,122.7324,0,U,63753,999,206,-.30158E-3,-.72422E-3,0
STARLINK-11662 [DTC],2025-089D,2025-05-07T22:00:01.999584,15.84750195,.0002395,43.0053,338.4403,269.7536,354.5757,0,U,63754,999,207,.22848E-4,.4922E-4,0
STARLINK-11681 [DTC],2025-089E,2025-05-08T06:00:02.000160,15.84805485,.0002529,43.0056,336.3785,258.0007,113.5138,0,U,63755,999,206,-.37911E-3,-.9077E-3,0
STARLINK-11688 [DTC],2025-089F,2025-05-08T06:00:02.000160,15.84802949,.0002094,43.0050,336.3715,272.7143,101.1690,0,U,63756,999,195,-.36035E-3,-.86329E-3,0
STARLINK-11676 [DTC],2025-089G,2025-05-07T22:00:01.999584,15.84730827,.0001685,43.0053,338.4181,252.1866,20.9454,0,U,63757,999,191,.13288E-3,.31383E-3,0
STARLINK-11705 [DTC],2025-089H,2025-05-07T22:00:01.999584,15.84727896,.0001636,43.0053,338.4127,255.9807,19.3248,0,U,63758,999,197,.15436E-3,.36563E-3,0
STARLINK-11703 [DTC],2025-089J,2025-05-07T22:00:01.999584,15.84746514,.0001906,43.0054,338.4046,255.8858,22.6001,0,U,63759,999,202,.81579E-4,.19039E-3,0
STARLINK-11701 [DTC],2025-089K,2025-05-08T06:00:02.000160,15.84807180,.0001763,43.0049,336.3434,259.6065,125.4369,0,U,63760,999,206,-.38019E-3,-.91016E-3,0
STARLINK-11660 [DTC],2025-089L,2025-05-08T06:00:02.000160,15.84801840,.0002204,43.0050,336.3365,268.7043,119.0812,0,U,63761,999,201,-.35285E-3,-.84559E-3,0
STARLINK-11699 [DTC],2025-089M,2025-05-08T06:00:02.000160,15.84815551,.0001908,43.0050,336.3305,263.4353,126.7269,0,U,63762,999,206,-.4623E-3,-.110358E-2,0
STARLINK-11693 [DTC],2025-089N,2025-05-08T06:00:02.000160,15.84802816,.0001851,43.0051,336.3221,261.3224,132.2320,0,U,63763,999,195,-.23925E-3,-.57687E-3,0
STARLINK-33760,2025-089P,2025-05-08T06:00:02.000160,15.84100019,.0001808,43.0056,336.3178,263.9591,131.2898,0,U,63764,999,217,-.53938E-2,-.1124744E-1,0
STARLINK-33941,2025-089Q,2025-05-08T06:00:02.000160,15.84125164,.0001947,43.0056,336.3128,272.5142,124.7680,0,U,63765,999,216,-.53936E-2,-.1126008E-1,0
STARLINK-33824,2025-089R,2025-05-08T06:00:02.000160,15.84154568,.000196,43.0056,336.3077,270.9578,128.4621,0,U,63766,999,217,-.54381E-2,-.1135796E-1,0
STARLINK-33808,2025-089S,2025-05-08T06:00:02.000160,15.84189300,.0002104,43.0056,336.3029,274.0783,127.2639,0,U,63767,999,217,-.54709E-2,-.1143737E-1,0
STARLINK-33844,2025-089T,2025-05-08T06:00:02.000160,15.84227677,.0001874,43.0057,336.2981,263.7675,139.4132,0,U,63768,999,217,-.5512E-2,-.1153216E-1,0
STARLINK-33907,2025-089U,2025-05-08T06:00:02.000160,15.84256955,.0001822,43.0057,336.2932,269.5311,135.5885,0,U,63769,999,212,-.55171E-2,-.1155606E-1,0
STARLINK-33884,2025-089V,2025-05-07T22:00:01.999584,15.85063806,.0001691,43.0054,338.3415,265.9865,37.3741,0,U,63770,999,208,-.51522E-2,-.1105622E-1,0
STARLINK-33841,2025-089W,2025-05-07T22:00:01.999584,15.85097974,.0001589,43.0053,338.3364,273.9380,31.3204,0,U,63771,999,208,-.51604E-2,-.1108739E-1,0
BIOMASS,2025-090A,2025-05-07T23:23:25.999008,14.68203328,.0001032,98.0728,316.0580,35.1341,324.9931,0,U,63772,999,125,.19815E-3,.1092E-4,0
STARLINK-33769,2025-089X,2025-05-07T22:00:01.999584,15.85131823,.0001657,43.0053,338.3304,273.5337,33.9128,0,U,63773,999,212,-.51987E-2,-.1138129E-1,0
STARLINK-33914,2025-089Y,2025-05-07T22:00:01.999584,15.85169370,.000159,43.0053,338.3259,270.6179,38.8276,0,U,63774,999,213,-.52244E-2,-.1145018E-1,0
STARLINK-33932,2025-091A,2025-05-07T22:00:01.999584,15.92781099,.0001803,43.0006,348.8229,265.6688,338.5863,0,U,63775,999,208,-.22056E-2,-.792727E-2,.1995E-3
STARLINK-33930,2025-091B,2025-05-08T06:00:02.000160,15.92360173,.000229,43.0005,346.7427,269.9281,88.9793,0,U,63776,999,207,-.23832E-2,-.837571E-2,.21956E-3
STARLINK-33911,2025-091C,2025-05-08T06:00:02.000160,15.92452685,.0002022,43.0006,346.7385,268.8473,91.7090,0,U,63777,999,207,-.2394E-2,-.845343E-2,.22348E-3
STARLINK-33938,2025-091D,2025-05-07T22:00:01.999584,15.93014895,.0001875,43.0005,348.8131,267.0703,341.1840,0,U,63778,999,212,-.22045E-2,-.802085E-2,.20427E-3
STARLINK-33881,2025-091E,2025-05-08T06:00:02.000160,15.92625849,.0002066,43.0006,346.7306,262.8003,100.8433,0,U,63779,999,207,-.24082E-2,-.858019E-2,.23001E-3
STARLINK-33846,2025-091F,2025-05-07T22:00:01.999584,15.93219822,.0001929,43.0006,348.8048,265.2385,346.2948,0,U,63780,999,208,-.22049E-2,-.810896E-2,.20879E-3
STARLINK-33883,2025-091G,2025-05-07T22:00:01.999584,15.93319942,.000187,43.0007,348.8008,259.4817,353.6320,0,U,63781,999,203,-.221E-2,-.81703E-2,.21187E-3
STARLINK-33842,2025-091H,2025-05-07T22:00:01.999584,15.93369432,.0001913,43.0006,348.7983,266.3877,347.7051,0,U,63782,999,212,-.22045E-2,-.81714E-2,.21203E-3
STARLINK-33892,2025-091J,2025-05-07T22:00:01.999584,15.93473839,.0001921,43.0007,348.7941,255.4149,0.3655,0,U,63783,999,203,-.21937E-2,-.817645E-2,.21249E-3
STARLINK-33933,2025-091K,2025-05-07T22:00:01.999584,15.93590961,.0001891,43.0007,348.7899,265.0150,352.5377,0,U,63784,999,214,-.22078E-2,-.827942E-2,.21763E-3
STARLINK-33906,2025-091L,2025-05-07T22:00:01.999584,15.93672113,.0002013,43.0007,348.7860,266.3205,352.5917,0,U,63785,999,198,-.22027E-2,-.829604E-2,.2186E-3
STARLINK-33923,2025-091M,2025-05-07T22:00:01.999584,15.93759608,.0002066,43.0008,348.7827,268.5545,351.7944,0,U,63786,999,198,-.21992E-2,-.832137E-2,.22001E-3
STARLINK-33947,2025-091N,2025-05-07T22:00:01.999584,15.93852944,.0001833,43.0009,348.7792,258.5116,3.3064,0,U,63787,999,203,-.22067E-2,-.839039E-2,.22355E-3
STARLINK-33882,2025-091P,2025-05-08T06:00:02.000160,15.93454564,.0002106,43.0007,346.6938,262.3728,115.9875,0,U,63788,999,207,-.24317E-2,-.904712E-2,.25539E-3
STARLINK-33875,2025-091Q,2025-05-08T04:00:00.999936,15.93656145,.0001789,43.0006,347.2100,267.8993,353.2787,0,U,63789,999,206,-.22667E-2,-.852759E-2,.22979E-3
STARLINK-33869,2025-091R,2025-05-07T22:00:01.999584,15.94143831,.0001996,43.0008,348.7672,266.4451,359.9853,0,U,63790,999,198,-.22166E-2,-.855872E-2,.23244E-3
STARLINK-33935,2025-091S,2025-05-08T04:00:00.999936,15.93843027,.0002093,43.0006,347.2020,270.6588,353.6951,0,U,63791,999,217,-.22889E-2,-.869624E-2,.23856E-3
STARLINK-33916,2025-091T,2025-05-07T22:00:01.999584,15.94340321,.0001769,43.0008,348.7594,265.4645,4.0701,0,U,63792,999,203,-.22017E-2,-.859039E-2,.23447E-3
STARLINK-33925,2025-091U,2025-05-07T22:00:01.999584,15.94423640,.0001825,43.0009,348.7561,264.5348,6.3224,0,U,63793,999,214,-.22161E-2,-.868457E-2,.23937E-3
STARLINK-33870,2025-091V,2025-05-07T22:00:01.999584,15.94530058,.0001737,43.0011,348.7523,262.3263,10.1813,0,U,63794,999,203,-.22011E-2,-.867511E-2,.23915E-3
STARLINK-33867,2025-091W,2025-05-07T22:00:01.999584,15.94653621,.0001573,43.0012,348.7476,258.5609,15.7414,0,U,63795,999,203,-.22123E-2,-.877623E-2,.24456E-3
STARLINK-33918,2025-091X,2025-05-07T22:00:01.999584,15.94714300,.0001675,43.0012,348.7457,259.6252,15.7442,0,U,63796,999,208,-.22118E-2,-.880285E-2,.24606E-3
STARLINK-33712,2025-091Y,2025-05-07T22:00:01.999584,15.90816939,.0001697,43.0012,348.7695,267.7779,357.9075,0,U,63797,999,203,-.60855E-2,-.1717135E-1,0
STARLINK-33827,2025-091Z,2025-05-08T06:00:02.000160,15.94397604,.0001798,43.0006,346.6523,243.5187,151.1894,0,U,63798,999,207,-.2582E-2,-.1009106E-1,.3146E-3
STARLINK-33899,2025-091AA,2025-05-08T04:00:00.999936,15.94626247,.0001893,43.0010,347.1698,263.2635,14.1219,0,U,63799,999,217,-.24383E-2,-.965114E-2,.2907E-3
STARLINK-33900,2025-091AB,2025-05-08T04:00:00.999936,15.94725780,.0002125,43.0007,347.1650,266.6051,12.5346,0,U,63800,999,217,-.24281E-2,-.96627E-2,.29162E-3
STARLINK-33975,2025-091AC,2025-05-08T04:00:00.999936,15.94827917,.0002107,43.0007,347.1605,266.5613,14.3120,0,U,63802,999,217,-.24315E-2,-.972894E-2,.29558E-3
STARLINK-33951,2025-091AD,2025-05-08T04:00:00.999936,15.94929694,.0001822,43.0009,347.1568,260.8653,21.7094,0,U,63803,999,211,-.24315E-2,-.978141E-2,.2988E-3
STARLINK-33909,2025-092A,2025-05-07T18:00:02.000160,15.96927530,.0001893,43.0009,112.3877,253.4058,251.4178,0,U,63804,999,168,-.16997E-2,-.764165E-2,.19468E-3
STARLINK-34029,2025-092B,2025-05-07T18:00:02.000160,15.96995437,.0001505,43.0011,112.3863,259.3607,246.0073,0,U,63805,999,168,-.16981E-2,-.766246E-2,.19578E-3
STARLINK-34102,2025-092C,2025-05-07T18:00:02.000160,15.97133468,.000168,43.0010,112.3845,253.9274,252.1060,0,U,63806,999,173,-.16989E-2,-.772462E-2,.19895E-3
STARLINK-34109,2025-092D,2025-05-07T18:00:02.000160,15.97246549,.000151,43.0011,112.3830,255.7991,250.8550,0,U,63807,999,168,-.16977E-2,-.776715E-2,.20118E-3
STARLINK-34091,2025-092E,2025-05-07T18:00:02.000160,15.97394910,.0001601,43.0012,112.3813,257.2290,250.1068,0,U,63808,999,173,-.1698E-2,-.783239E-2,.20457E-3
STARLINK-34095,2025-092F,2025-05-07T18:00:02.000160,15.97523651,.0001591,43.0012,112.3797,254.7682,253.2162,0,U,63809,999,168,-.16976E-2,-.788639E-2,.20742E-3
STARLINK-34127,2025-092G,2025-05-07T18:00:02.000160,15.97663071,.0001668,43.0011,112.3779,253.2691,255.3818,0,U,63810,999,168,-.16969E-2,-.794426E-2,.21049E-3
STARLINK-34110,2025-092H,2025-05-07T18:00:02.000160,15.97790963,.0001628,43.0012,112.3764,254.0661,255.2314,0,U,63811,999,173,-.16962E-2,-.799738E-2,.21334E-3
STARLINK-34101,2025-092J,2025-05-07T18:00:02.000160,15.97933622,.0001714,43.0011,112.3748,252.3261,257.6437,0,U,63812,999,157,-.1693E-2,-.804596E-2,.21602E-3
STARLINK-34065,2025-092K,2025-05-07T18:00:02.000160,15.98060833,.0001777,43.0011,112.3731,251.7279,258.8871,0,U,63813,999,163,-.1691E-2,-.809362E-2,.21864E-3
STARLINK-34057,2025-092L,2025-05-07T18:00:02.000160,15.98207131,.0001694,43.0011,112.3715,259.3284,251.9600,0,U,63814,999,168,-.1701E-2,-.820749E-2,.22461E-3
STARLINK-34060,2025-092M,2025-05-07T18:00:02.000160,15.98339189,.0001725,43.0011,112.3696,259.3206,252.6224,0,U,63815,999,157,-.16977E-2,-.825227E-2,.22715E-3
STARLINK-34048,2025-092N,2025-05-07T18:00:02.000160,15.98454814,.0001765,43.0013,112.3682,263.0703,249.4997,0,U,63816,999,173,-.16897E-2,-.826695E-2,.22817E-3
STARLINK-33959,2025-092P,2025-05-07T18:00:02.000160,15.98621116,.0001586,43.0012,112.3664,254.9880,258.2871,0,U,63817,999,173,-.17111E-2,-.844868E-2,.23778E-3
STARLINK-34058,2025-092Q,2025-05-07T18:00:02.000160,15.98751379,.0001522,43.0012,112.3648,250.9192,263.0004,0,U,63818,999,173,-.17274E-2,-.859082E-2,.24544E-3
STARLINK-34055,2025-092R,2025-05-07T18:00:02.000160,15.98856778,.0001552,43.0013,112.3636,252.6982,261.8348,0,U,63819,999,168,-.17122E-2,-.856641E-2,.24445E-3
STARLINK-33794,2025-092S,2025-05-07T18:00:02.000160,15.98978181,.0001913,43.0014,112.3617,252.7001,262.4775,0,U,63820,999,168,-.16905E-2,-.851726E-2,.24222E-3
STARLINK-34047,2025-092T,2025-05-08T06:00:02.000160,15.98301308,.0001635,43.0010,109.2237,259.8725,257.2458,0,U,63821,999,181,-.17378E-2,-.842756E-2,.2359E-3
STARLINK-34094,2025-092U,2025-05-07T18:00:02.000160,15.99257781,.0001873,43.0015,112.3586,251.6631,264.8457,0,U,63822,999,173,-.16698E-2,-.854732E-2,.24451E-3
STARLINK-34043,2025-092V,2025-05-07T18:00:02.000160,15.99377619,.0001864,43.0017,112.3570,251.6452,265.4962,0,U,63823,999,168,-.16659E-2,-.858541E-2,.24681E-3
STARLINK-34025,2025-092W,2025-05-07T18:00:02.000160,15.99517334,.0001924,43.0016,112.3552,252.3861,265.4209,0,U,63824,999,162,-.16627E-2,-.863714E-2,.24989E-3
STARLINK-33874,2025-092X,2025-05-07T18:00:02.000160,15.99677807,.0001895,43.0016,112.3534,251.8178,266.6905,0,U,63825,999,173,-.16577E-2,-.868998E-2,.25311E-3
STARLINK-33781,2025-092Y,2025-05-07T18:00:02.000160,15.99811475,.0001932,43.0016,112.3519,252.6818,266.4818,0,U,63826,999,173,-.16535E-2,-.873424E-2,.25583E-3
STARLINK-33891,2025-092Z,2025-05-07T18:00:02.000160,15.99924715,.0001949,43.0016,112.3502,253.4966,266.2878,0,U,63827,999,162,-.16492E-2,-.876802E-2,.25795E-3
STARLINK-33903,2025-092AA,2025-05-07T18:00:02.000160,16.00058685,.0001964,43.0015,112.3483,252.5044,267.9354,0,U,63828,999,173,-.16442E-2,-.880863E-2,.2605E-3
STARLINK-33889,2025-092AB,2025-05-07T18:00:02.000160,16.00476236,.0002148,43.0014,112.3432,257.1486,265.3018,0,U,63829,999,163,-.16153E-2,-.886453E-2,.26471E-3
STARLINK-33984,2025-092AC,2025-05-07T18:00:02.000160,16.00211582,.0002064,43.0014,112.3466,256.8573,264.2649,0,U,63830,999,168,-.16451E-2,-.889081E-2,.26537E-3
STARLINK-33940,2025-092AD,2025-05-07T18:00:02.000160,16.00660819,.000208,43.0013,112.3414,253.6861,269.4724,0,U,63831,999,173,-.1638E-2,-.908345E-2,.27728E-3
STARLINK-33978,2025-092AE,2025-05-07T18:00:02.000160,16.00357029,.0002153,43.0012,112.3448,258.0541,263.7568,0,U,63832,999,173,-.16277E-2,-.887124E-2,.26473E-3
